	headlines	texts	rubrics	links
0	Трамп назвал главу Нью-Йорка худшим мэром в США	Президент США Дональд Трамп назвал главу Нью-Йорка, демократа Билла де Блазио, заявившего о своем участии в президентской гонке на выборах в 2020 году, самым плохим мэром в стране и отметил, что жители города его ненавидят.	world	https://news.yandex.ru//story/Tramp_nazval_glavu_Nyu-Jorka_khudshim_mehrom_v_SSHA--22ec4ba8cc0ad9ab4a2bac3995f6f5e4?lr=47&lang=ru&stid=tb08yzsSLHjb8HNxzKhH&persistent_id=63728938&rubric=world&from=rubric
1	В Германии недовольные «Северным потоком — 2» забрались в газопровод	Протестующие против строительства «Северного потока — 2» пробрались на строительную площадку на севере Германии, где осуществляется прокладка газопровода EUGAL, и заползли в часть уже проложенного трубопровода.	world	https://news.yandex.ru//story/V_Germanii_nedovolnye_Severnym_potokom__2_zabralis_v_gazoprovod--6bfbb1cb1552f825b951a5e2a2f91fb9?lr=47&lang=ru&stid=XJdiwGXjZonDQ-NbtM2H&persistent_id=63763690&rubric=world&from=rubric
2	США внесут Huawei в черный список	"Американский Минторг объявил, что внесёт крупнейшую в мире компанию ""Хуавэй"" и все, связанные с ней, юридические лица в свой черный список. Якобы, это необходимо из соображений нацбезопасности, сообщает телеканал ""Россия 24""."	world	https://news.yandex.ru//story/SSHA_vnesut_Huawei_v_chernyj_spisok--ddea34eecf6cd9785fb03040b4da8b01?lr=47&lang=ru&stid=N9aQhGYFp24Xf_jEtBmv&persistent_id=63724296&rubric=world&from=rubric
3	Мадуро прокомментировал решение США запретить полеты в Венесуэлу	Президент Венесуэлы Николас Мадуро заявил, что, запретив полеты в Венесуэлу, США навредили своим гражданам и бизнесу, передает телеканал VTV.	world	https://news.yandex.ru//story/Maduro_prokommentiroval_reshenie_SSHA_zapretit_polety_v_Venesuehlu--6fdb1375b30ef778612c3159580d6a87?lr=47&lang=ru&stid=50JjNIrnP4gXD4JiHjjv&persistent_id=63738843&rubric=world&from=rubric
4	Под завалами рухнувшего в Шанхае здания погибли семь человек	Спасателям удалось обнаружить и вытащить из под завалов обрушившегося в Шанхае здания 21 человека, семеро из них умерли в результате полученных травм. Такие данные публикует в четверг пресс-служба городской администрации.	world	https://news.yandex.ru//story/Pod_zavalami_rukhnuvshego_v_SHankhae_zdaniya_pogibli_sem_chelovek--bbd6b61d9c8fd027637f6cb065cfd8da?lr=47&lang=ru&stid=37BAzaHHErzV-kYhe9bs&persistent_id=63743123&rubric=world&from=rubric
5	Появились тизерные изображения новой BMW 1-Series	Новый BMW 1-Series разработан на базе платформы FAAR, которая позволила «скинуть» лишний вес машины и увеличить пространство в салоне. Внутри автомобиля будет полностью электронная приборная панель.	world	https://news.yandex.ru//story/Poyavilis_tizernye_izobrazheniya_novoj_BMW_1-Series--9a2028d09d30df166bb8feca366680cb?lr=47&lang=ru&stid=Vel0fvXbt_PlxGR3o3h9&persistent_id=63303659&rubric=world&from=rubric
6	Philips перешла в Нидерландах на возобновляемую энергию	Нидерландские предприятия Royal Philips NV полностью переведены на возобновляемые источники энергии. Это стало возможным после запуска ветряной электростанции на юго-западе страны, сообщает «Интерфакс».	world	https://news.yandex.ru//story/Philips_pereshla_v_Niderlandakh_na_vozobnovlyaemuyu_ehnergiyu--8e413207fa7409b57f5ed0022afdfb3f?lr=47&lang=ru&persistent_id=63778794&rubric=world&from=rubric
7	Виновницей крупнейшего в Калифорнии пожара назвали энергокомпанию PG&E;	Представители калифорнийского управления лесного хозяйства и пожарной охраны заявили о том, что виновником возникновения крупнейшего в истории штата пожара является энергетическая компания Pacific Gas and Electric.	world	https://news.yandex.ru//story/Vinovnicej_krupnejshego_v_Kalifornii_pozhara_nazvali_ehnergokompaniyu_PGE--062ee60f82b94202768df0a0637f03e8?lr=47&lang=ru&stid=APAgmLgSvTh8wj7KaBdy&persistent_id=63725661&rubric=world&from=rubric
8	Рождаемость в США достигла минимума	По данным экспертов, снижение рождаемости наблюдается уже последние четыре года, но только в 2018-м этот показатель достиг рекордного минимума. Общий уровень рождаемости составил 1728 рождений на 1 тысячу женщин по сравнению с 2017 годом.	world	https://news.yandex.ru//story/Rozhdaemost_v_SSHA_dostigla_minimuma--cf7f2d13df142422f93e3938b8b00e0f?lr=47&lang=ru&stid=GmF70iOZJtJg&persistent_id=63768953&rubric=world&from=rubric
9	В Турции анализ ДНК выявил новую тайну древнейшего города	Международная группа генетиков и археологов из Турции, Швеции и Польши провела анализ ДНК жителей одного из древнейших городов мира и установила, что социальная структура общества в нем около 8,5 тысячи лет назад была гораздо сложнее, чем считалось до сих пор.	world	https://news.yandex.ru//story/V_Turcii_analiz_DNK_vyyavil_novuyu_tajnu_drevnejshego_goroda--902e3f73b60283e46d28decadc64ce24?lr=47&lang=ru&stid=pvEh&persistent_id=63772360&rubric=world&from=rubric
10	В США два человека застряли в подъемнике на небоскребе	Пожарная служба американского города Оклахома спасает двух мойщиков окон, которые оказались заблокированными на подъемнике, когда он находился в верхней части небоскреба. Инцидент произошел утром по местному времени в 50-этажном здании в центре города.	world	https://news.yandex.ru//story/V_SSHA_dva_cheloveka_zastryali_v_podemnike_na_neboskrebe--b59cbdf60c0462f41998e0a47694eaf1?lr=47&lang=ru&stid=cSB_91S55BzAAHwQuvaP&persistent_id=63700424&rubric=world&from=rubric
11	В Британии избили ребенка из Латвии со словами «Возвращайся в Россию»	12-летний уроженец Латвии Эдвард Пургайлис был избит в школе Hillside High School в британском городке Бутл агломерации Мерисайд, пишет The Mirror.	world	https://news.yandex.ru//story/V_Britanii_izbili_rebenka_iz_Latvii_so_slovami_Vozvrashhajsya_v_Rossiyu--b684d90f3c6dd36b12103dd7e22e1c83?lr=47&lang=ru&stid=giNVPs3Ctrod--opfP_V&persistent_id=63742754&rubric=world&from=rubric
12	Рыбак поймал осьминога с огромными щупальцами	В прибрежных водах английского графства Девон выловили огромного осьминога с полутораметровыми щупальцами. Об этом сообщает местная газета Devon Live. Моллюска поймал 33-летний рыбак Джош Перкс (Josh Perkes), поставляющий свой улов в рестораны премиум класса.	world	https://news.yandex.ru//story/Rybak_pojmal_osminoga_s_ogromnymi_shhupalcami--c92b4fa726e4b23a69826f33f5093960?lr=47&lang=ru&stid=7-KG&persistent_id=63757819&rubric=world&from=rubric
13	В Китае автомобиль совершил наезд на прохожих	Отмечается, что водитель продолжил движение после наезда на пешеходов.	world	https://news.yandex.ru//story/V_Kitae_avtomobil_sovershil_naezd_na_prokhozhikh--bbe323cdddf433180ced1391f05bb97a?lr=47&lang=ru&stid=vmm2zHhN&persistent_id=63781885&rubric=world&from=rubric
14	ЧП на испытаниях: немецкая подлодка в Норвегии ударилась о грунт	Во время совершения маневров в гавани военно-морской базы Норвегии Хааконсверн немецкая подлодка U36 задела морское дно. Об этом сообщает издание Spiegel Online. В результате происшествия никто не пострадал.	world	https://news.yandex.ru//story/CHP_na_ispytaniyakh_nemeckaya_podlodka_v_Norvegii_udarilas_o_grunt--27416b099dac60dfe604bf6ff11b0c25?lr=47&lang=ru&stid=EbYFPJ1HRb2K&persistent_id=63718381&rubric=world&from=rubric
15	Мэрия Екатеринбурга согласилась провести опрос о строительстве храма	Мэрия Екатеринбурга готова провести опрос населения о строительстве храма на месте сквера, сообщает агентство «Интерфакс» со ссылкой на заместителя мэра города Екатерину Куземку. С предложением о проведении опроса местных жителей выступил российский президент Владимир Путин.	politics	https://news.yandex.ru//story/Mehriya_Ekaterinburga_soglasilas_provesti_opros_o_stroitelstve_khrama--17c941b43667381bf21486127f386b1c?lr=47&lang=ru&stid=5wqoPARRR9VSMOGBGGta&persistent_id=63780958&rubric=politics&from=rubric
16	С чиновников должен быть особый спрос, заявил Путин	Президент РФ Владимир Путин считает, что с чиновников должен быть особый спрос, а они обязаны понимать, что несут большую ответственность.	politics	https://news.yandex.ru//story/S_chinovnikov_dolzhen_byt_osobyj_spros_zayavil_Putin--88ec53583b3b6ec7f8c07602f4042872?lr=47&lang=ru&stid=tD-LzcnYhAmdsW16ak49&persistent_id=63776906&rubric=politics&from=rubric
17	Верховная рада назначила инаугурацию Зеленского на 20 мая	Верховная рада определила, что приведение к присяге избранного президента Украины Владимира Зеленского состоится 20 мая. Соответствующее решение поддержали в четверг 315 парламентариев.	politics	https://news.yandex.ru//story/Verkhovnaya_rada_naznachila_inauguraciyu_Zelenskogo_na_20_maya--9cfeaea424d5a2de821f66733a09f439?lr=47&lang=ru&stid=cIkwa41hJ-pstBHvPjEq&persistent_id=63749391&rubric=politics&from=rubric
18	Путин допустил возвращение системы распределения выпускников вузов	Президент России Владимир Путин допустил возрождение в стране системы распределения выпускников высших учебных заведений, получивших образование за счет бюджета. Оценить эту возможность глава государства предложил Минздраву и правительству в целом.	politics	https://news.yandex.ru//story/Putin_dopustil_vozvrashhenie_sistemy_raspredeleniya_vypusknikov_vuzov--ff30e68ffa1524bbaefe973af2c25b52?lr=47&lang=ru&stid=-s4wFdYEED4eYSyetXQl&persistent_id=63774199&rubric=politics&from=rubric
19	Путин обсудит с Собяниным вывоз мусора из Москвы в другие регионы	Президент России Владимир Путин сообщил, что поговорит с мэром Москвы Сергеем Собяниным о ситуации с планируемым вывозом мусора из Москвы на мусорные полигоны в другие регионы.	politics	https://news.yandex.ru//story/Putin_obsudit_s_Sobyaninym_vyvoz_musora_iz_Moskvy_v_drugie_regiony--dc94c83043ccaa9ab28f973834087d89?lr=47&lang=ru&stid=BD3gFE__JRxKswuJMC0-&persistent_id=63782334&rubric=politics&from=rubric
20	Путин поручил пересмотреть ценообразование в строительстве	"Правительство работает над изменением устаревших строительных норм и правил, а также ценообразования в этой сфере. ""Вопрос очень большой, системный и очень важный"", - заявил президент на Медиафоруме ОНФ в Сочи."	politics	https://news.yandex.ru//story/Putin_poruchil_peresmotret_cenoobrazovanie_v_stroitelstve--e6c35518c2e8a5079ed2f273c9dc54c0?lr=47&lang=ru&stid=rWxvVVyXRc2lX0rfJfq0&persistent_id=63772259&rubric=politics&from=rubric
21	Путин назвал пал травы одной из основных причин пожаров в Забайкалье	Одной из основных причин пожаров в Забайкалье является пал травы, всю работу по восстановлению домов и социальной инфраструктуры планируется завершить к поздней осени, заявил президент РФ Владимир Путин.	politics	https://news.yandex.ru//story/Putin_nazval_pal_travy_odnoj_iz_osnovnykh_prichin_pozharov_v_Zabajkale--6c237c13009921d4666cd4f9ccb1d3f8?lr=47&lang=ru&stid=QsUkP61cWObiIRKn&persistent_id=63780839&rubric=politics&from=rubric
22	Тори пытаются определить дату отставки Мэй	Члены Консервативной партии пытались на состоявшемся 16 мая закрытом заседании комитета заставить присутствовавшую Мэй назвать точную дату своей отставки. Однако премьер-министр уклонилась от ответа.	politics	https://news.yandex.ru//story/Tori_pytayutsya_opredelit_datu_otstavki_Mehj--d9855b30872e832ef258b1ed7406d69a?lr=47&lang=ru&stid=ogonRIZ3o7fEIbvh&persistent_id=63763822&rubric=politics&from=rubric
23	Меркель подтвердила намерение уйти из политики после 2021 года	Канцлер Германии Ангела Меркель подтвердила, что не собирается занимать политические посты после того, как в 2021 году подойдет к концу срок ее руководства кабмином. Об этом она заявила в четверг на совместной пресс-конференции с премьером Нидерландов Марком Рютте.	politics	https://news.yandex.ru//story/Merkel_podtverdila_namerenie_ujti_iz_politiki_posle_2021_goda--d57a415b0a4dd0559e31af084be413c2?lr=47&lang=ru&stid=lEAzTdV3h8yxcFU6rzq3&persistent_id=63755493&rubric=politics&from=rubric
24	Путин пообещал приехать на Чукотку	Президент России Владимир Путин пообещал приехать на Чукотку. Об этом он рассказал, выступая на медиафоруме ОНФ.	politics	https://news.yandex.ru//story/Putin_poobeshhal_priekhat_na_CHukotku--ee53b767940da8b872c964ff8c14e2bf?lr=47&lang=ru&stid=EqvC0FQx&persistent_id=63781632&rubric=politics&from=rubric
25	Госдума приняла во втором чтении законопроект о допуске в реанимацию	Государственная дума приняла во втором чтении законопроект, обязывающий предоставлять доступ в реанимационные отделения родственникам пациента.	politics	https://news.yandex.ru//story/Gosduma_prinyala_vo_vtorom_chtenii_zakonoproekt_o_dopuske_v_reanimaciyu--a206e9749c5f845b0b1d51b8bfc72cad?lr=47&lang=ru&stid=rJYYGWVY1ELmfbackumL&persistent_id=63268368&rubric=politics&from=rubric
26	«Роскосмос» прокомментировал слухи о скорой отставке Рогозина	"Руководитель пресс-службы ""Роскосмоса"" Владимир Устименко прокомментировал появившиеся в ряде СМИ слухи о том, что главу госкорпорации Дмитрия Рогозина могут в скором времени отправить в отставку. ""Эти слухи не соответствуют действительности"", - отметил Устименко."	politics	https://news.yandex.ru//story/Roskosmos_prokommentiroval_slukhi_o_skoroj_otstavke_Rogozina--07523b3d7ec077c48ed6f0abdf9e12af?lr=47&lang=ru&stid=kXah_ss_XiOh1LoLc7uY&persistent_id=63761178&rubric=politics&from=rubric
27	Представитель Киева в гуманитарной подгруппе по Донбассу покидает пост	Представитель Украины в гуманитарной подгруппе по Донбассу Ирина Геращенко объявила об отставке.	politics	https://news.yandex.ru//story/Predstavitel_Kieva_v_gumanitarnoj_podgruppe_po_Donbassu_pokidaet_post--512070814e57d39f5d3e3303368f3483?lr=47&lang=ru&stid=84_6_Lq9-tZRfhBMI57u&persistent_id=63771251&rubric=politics&from=rubric
28	Украинский генерал предупредил о последствиях войны с Россией	"Если произойдет реальное военное столкновение между Россией и Украиной, то это приведет к ""кровавой бойне"", заявил украинский генерал Игорь Романенко. По его словам, сейчас попытка Киева взять под контроль территории Донбасса будет бесполезной из-за якобы присутствующих там российских войск."	politics	https://news.yandex.ru//story/Ukrainskij_general_predupredil_o_posledstviyakh_vojny_s_Rossiej--0266e334b9db1b2c3e3a951883de8aff?lr=47&lang=ru&stid=4qBeFn7eb-dAIda-UlOM&persistent_id=63750868&rubric=politics&from=rubric
29	С-400 отгрузят Турции уже в следующем месяце	"Российские зенитно-ракетные комплексы С-400 могут поставить в Турцию уже в июне, то есть на месяц раньше, чем планировалось ранее. Об этом заявил глава управления оборонной промышленности Турции Исмаил Демир. Его слова приводит агентство ""Анадолу""."	politics	https://news.yandex.ru//story/S-400_otgruzyat_Turcii_uzhe_v_sleduyushhem_mesyace--5af9f15b9ad7567eb4ec6ba239f0b9e0?lr=47&lang=ru&stid=8l8q&persistent_id=63779359&rubric=politics&from=rubric
30	Суд отказал Мите Алешковскому в восстановлении бонусов «Аэрофлота»	Пресненский суд Москвы отказал журналисту и общественному деятелю Дмитрию (Мите) Алешковскому в восстановлении по иску о восстановлении его платинового статуса и накопленных миль в бонусной программе «Аэрофлота». Об этом РБК сообщил пресс-секретарь суда Алексей Черников.	society	https://news.yandex.ru//story/Sud_otkazal_Mite_Aleshkovskomu_v_vosstanovlenii_bonusov_Aehroflota--e83e5fc83462dc439c75f98051f0873f?lr=47&lang=ru&stid=YQBE47oU9flTEllHLzG1&persistent_id=63777405&rubric=society&from=rubric
31	Названа необходимая для российской семьи сумма для жизни	"Обычной семье из трех человек в России нужно 78 тысяч рублей в месяц, чтобы иметь все необходимое, сообщает РИА ""Новости"" со ссылкой на исследование ""Ромира"". Уточняется, что более половины семейных россиян (51%) желают иметь на ""нормальную жизнь"" 60-120 тысяч рублей."	society	https://news.yandex.ru//story/Nazvana_neobkhodimaya_dlya_rossijskoj_semi_summa_dlya_zhizni--c988f6f06b4d2a9e72d6f14cd80e8bcf?lr=47&lang=ru&stid=6Rf27P8OlfIeQ1bVmwvR&persistent_id=63728704&rubric=society&from=rubric
32	Россиянам добавят один день отпуска	Минтруд России готовит поправки в законодательство о предоставлении дополнительного оплачиваемого дня отпуска каждый год для прохождения диспансеризации. Сейчас такой выходной предоставляется раз в три года.	society	https://news.yandex.ru//story/Rossiyanam_dobavyat_odin_den_otpuska--4d929f34e08f046e0582c66a84555236?lr=47&lang=ru&stid=v6mGI50fuewoJliwZIqW&persistent_id=63729651&rubric=society&from=rubric
33	Россияне назвали основными причинами своих болезней работу и стресс	Винят работу и испытываемый стресс в своем состоянии здоровья 33% опрошенных. Еще 28% жалуются на отсутствие денег на лекарства и профилактику болезней. Каждый четвертый опрошенный (25%) назвал основной причиной своих болезней возраст и отсутствие отдыха.	society	https://news.yandex.ru//story/Rossiyane_nazvali_osnovnymi_prichinami_svoikh_boleznej_rabotu_i_stress--6854edc618971c44a0a981a9665a96b1?lr=47&lang=ru&stid=u3bQgt2aUPlbuc75FzyA&persistent_id=63721287&rubric=society&from=rubric
34	Стало известно, где россияне отдыхали на майские праздники	Число российских туристов, которые в период майских праздников 2019 года выезжали на отдых в регионы РФ и за рубеж, выросло на 20% по сравнению аналогичным периодом прошлого года, заявила исполнительный директор Ассоциации туроператоров России (АТОР) Майя Ломидзе.	society	https://news.yandex.ru//story/Stalo_izvestno_gde_rossiyane_otdykhali_na_majskie_prazdniki--19ca398d956cd25ce394dcdecf7a01ed?lr=47&lang=ru&stid=lwJdXLhYbISEiu8RShCu&persistent_id=63780975&rubric=society&from=rubric
35	Конфликт из-за храма в Екатеринбурге. Что важно знать	Как проходят протесты Протесты в Екатеринбурге начались после того, как в ночь на понедельник, 13 мая, в сквере на набережной Рабочей Молодежи в центральной части города огородили пространство для строительства храма.	society	https://news.yandex.ru//story/Konflikt_iz-za_khrama_v_Ekaterinburge._CHto_vazhno_znat--dfc5b993b60f11c3ec0a98a4a56ed3d6?lr=47&lang=ru&stid=1_TX7S-c&persistent_id=63775965&rubric=society&from=rubric
36	Полпред объяснил Куйвашеву, что к людям надо прислушиваться	Полпред президента в УрФО Николай Цуканов сегодня встретился с губернатором Евгением Куйвашевым. Официально обсуждалось проведение саммита GMIS, но речь шла и о том, что к мнению людей надо прислушиваться.	society	https://news.yandex.ru//story/Polpred_obyasnil_Kujvashevu_chto_k_lyudyam_nado_prislushivatsya--49ff139e78791fbe4fbda426e0558d53?lr=47&lang=ru&stid=bZTuVgh9q_LDQcUVHYuE&persistent_id=63765248&rubric=society&from=rubric
37	Житель Франции выиграл в лотерею €21 млн	Неизвестный мужчина, живущий в департаменте Эро на юге Франции, стал победителем пасхальной лотереи Loto. Об этом 16 мая сообщает издание 20 minutes. Выигрыш составил €21 млн (1 517,5 млн рублей).	society	https://news.yandex.ru//story/ZHitel_Francii_vyigral_v_lotereyu_21_mln--13a9692ba049a9dcc0b8fbfa405f9c59?lr=47&lang=ru&stid=FPWBufAKSdWiOMGH37FW&persistent_id=63771476&rubric=society&from=rubric
38	Обвиняемый в убийствах сенатор Арашуков захотел поменять законы СИЗО	Временно отстраненный от должности сенатор Рауф Арашуков, обвиняемый в убийствах, пожаловался на отсутствие в СИЗО «Лефортово» халяльного питания. Об этом член Общественной наблюдательной комиссии Александр Ионов рассказал «Известиям».	society	https://news.yandex.ru//story/Obvinyaemyj_v_ubijstvakh_senator_Arashukov_zakhotel_pomenyat_zakony_SIZO--a3a37a89bc9d0b9f49ab90537eae3eef?lr=47&lang=ru&stid=c4map1Zw1fAZxFdnRSJm&persistent_id=63696024&rubric=society&from=rubric
39	Врач дал рекомендации москвичам, страдающим гипертонией	Врач-кардиолог поликлиники № 180 столичного департамента здравоохранения Николай Серебряков дал рекомендации горожанам, страдающим артериальной гипертонией. Они направлены на предупреждение прогрессирования болезни.	society	https://news.yandex.ru//story/Vrach_dal_rekomendacii_moskvicham_stradayushhim_gipertoniej--651663ff9b201f4f88248bd883a5a174?lr=47&lang=ru&stid=2AXS38NETVpwU119yipv&persistent_id=63741947&rubric=society&from=rubric
40	На территории Музея имени Андрея Рублева нашли клад XV–XVI веков	"""Четыре древнерусские монеты XV – XVI веков обнаружили столичные археологи в Музее древнерусской культуры и искусства имени Андрея Рублева во время работ по благоустройству территории бывшего Спасо-Андроникова (Андроникова) монастыря"", - сообщается в нем. Это мелкие разменные медные монеты, а также серебряная деньга."	society	https://news.yandex.ru//story/Na_territorii_Muzeya_imeni_Andreya_Rubleva_nashli_klad_XVXVI_vekov--8f0bbbf7a0c9cf7650a27d384dae99d4?lr=47&lang=ru&stid=lhZxHoaum6tityN2O6HI&persistent_id=63736226&rubric=society&from=rubric
41	На компьютерных играх в РФ появится возрастная маркировка	Совет Федерации разработал законопроект, распространяющий на компьютерные игры действие закона о защите детей от информации, причиняющей вред их здоровью и развитию, сообщила один из авторов законопроекта, первый зампред комитета Совета Федерации по конституционному законодательству и госстроительству Людмила Бокова.	society	https://news.yandex.ru//story/Na_kompyuternykh_igrakh_v_RF_poyavitsya_vozrastnaya_markirovka--2a45009b1fe5570244e2bc587d501959?lr=47&lang=ru&stid=kAMRRRiykhiS-yLbp1Mr&persistent_id=63777709&rubric=society&from=rubric
42	Умерла главный дерматовенеролог России Анна Кубанова	"Скончалась доктор медицинских наук, профессор, главный внештатный специалист Минздрава России по дерматовенерологии и косметологии, академик РАМН и действительный член РАН Анна Кубанова. Директору ФГБУ ""Государственный научный центр дерматовенерологии и косметологии"" было 70 лет."	society	https://news.yandex.ru//story/Umerla_glavnyj_dermatovenerolog_Rossii_Anna_Kubanova--9d51c80f9e4f7b10cafa7c0027dd7b38?lr=47&lang=ru&stid=ppQoQ7MMJvnJd8HcBlRU&persistent_id=63754563&rubric=society&from=rubric
43	В Уфе прощаются с вице-премьером Башкирии Артуром Ахметхановым	Сегодня, 16 мая, в столице Башкирии прощаются вице-премьером Башкирии Артуром Ахметхановым. На похороны 57-летнего Артура Ахметханова пришли уже более тысячи человек. Артура Фарвазовича похоронят на Мусульманском кладбище Уфы.	society	https://news.yandex.ru//story/V_Ufe_proshhayutsya_s_vice-premerom_Bashkirii_Arturom_Akhmetkhanovym--2e6bfb021a0710f2cfc9fdd2be607cc4?lr=47&lang=ru&stid=UaCZMr89XDAV3fkIXoXO&persistent_id=63770526&rubric=society&from=rubric
44	Ройзман: «Губернатор расплатился сквером за храм»	Губернатор за какие-то личные услуги рассчитался за храм [сквером] и должен сейчас это остановить. Вообще ничего нельзя строить в скверах.	society	https://news.yandex.ru//story/Rojzman_Gubernator_rasplatilsya_skverom_za_khram--c7d792dff3333aab6e7d28abab96e6b5?lr=47&lang=ru&stid=G2qWSbe_APMp40HFVu5Z&persistent_id=63750079&rubric=society&from=rubric
45	Курс евро опустился ниже 72 рублей	В последний раз курс евро находился ниже 72 рублей 29 апреля текущего года. Курс доллара по состоянию на 17:48 мск опустился на 0,38%, до 64,4 рубля. Рубль укрепляется на фоне роста цены нефти.	business	https://news.yandex.ru//story/Kurs_evro_opustilsya_nizhe_72_rublej--662cd73985bfbf550ca9e95ad5dbfb36?lr=47&lang=ru&stid=rpJU61K0TsH8h8y9qtvK&persistent_id=63783636&rubric=business&from=rubric
46	Чистый вывоз капитала из РФ в январе-апреле увеличился почти вдвое	Чистый вывоз капитала частным сектором из России в январе-апреле 2019 года, по предварительной оценке, составил $34,7 млрд, что в 1,9 раза превышает показатель аналогичного периода 2018 года ($18,5 млрд), следует из информации на сайте ЦБ РФ.	business	https://news.yandex.ru//story/CHistyj_vyvoz_kapitala_iz_RF_v_yanvare-aprele_uvelichilsya_pochti_vdvoe--bb91f1682c4316278c59cbc18dc24763?lr=47&lang=ru&stid=BihZibDGpbH76X1NhZow&persistent_id=63777142&rubric=business&from=rubric
47	Большинство российских семей оказались вообще без сбережений	Почему россияне не сберегают Главная причина отсутствия сбережений у большинства российских семей — низкий уровень доходов, уверен главный экономист БКС Владимир Тихомиров.	business	https://news.yandex.ru//story/Bolshinstvo_rossijskikh_semej_okazalis_voobshhe_bez_sberezhenij--080965fd7fbab3c1ffc2d39d46e936a9?lr=47&lang=ru&stid=7igps4Z3Fi2tgwlrNlB4&persistent_id=63735884&rubric=business&from=rubric
48	Еврокомиссия оштрафовала банки ЕС на €1 млрд за картельный сговор	Еврокомиссия (ЕК) оштрафовала банки Евросоюза (ЕС) Barclays, RBS, Citigroup, JPMorgan и MUFG за картельный сговор на валютном рынке. Сумма штрафов составила €1,07 млрд. По данным ЕК, банки создали два картеля на спотовом валютном рынке для работы с 11 валютами.	business	https://news.yandex.ru//story/Evrokomissiya_oshtrafovala_banki_ES_na_1_mlrd_za_kartelnyj_sgovor--d09479e252758807fc5b60950ab2ca89?lr=47&lang=ru&stid=5nphcUylQh_6H0w5OHVP&persistent_id=63762137&rubric=business&from=rubric
49	ЦБ сообщил о росте ставок по рублевым вкладам в топ-10 банков России	Средняя максимальная процентная ставка по рублевым вкладам в 10 самых крупных банках России, привлекающих наибольший объем депозитов, в первой декаде мая 2019 года выросла до 7,52%. Об этом в четверг, 16 мая, сообщает ТАСС со ссылкой на материалы Банка России.	business	https://news.yandex.ru//story/CB_soobshhil_o_roste_stavok_po_rublevym_vkladam_v_top-10_bankov_Rossii--543ea5345591a96745681a61cffbb074?lr=47&lang=ru&stid=16wtS_nKyCupV0cRlFRi&persistent_id=63772422&rubric=business&from=rubric
50	B.Braun вложит 3 млрд рублей в медицинское производство в Твери	На новом производстве наладят выпуск медицинских изделий, шовных материалов, ортопедических имплантов, средств дезинфекции. Инвестиции в проект составят 3 млрд рублей, налоговые поступления - 86 млн рублей в год, также на предприятии будет создано 300 рабочих мест.	business	https://news.yandex.ru//story/B.Braun_vlozhit_3_mlrd_rublej_v_medicinskoe_proizvodstvo_v_Tveri--e218bb933ab575a8ed1c4d06b1cacc6b?lr=47&lang=ru&stid=cdXN5SOp&persistent_id=63780979&rubric=business&from=rubric
51	Чистая прибыль МОЭК по МСФО за I квартал снизилась на 7,7%, до 8,4 млрд руб	"Чистая прибыль ""Московской объединенной энергетической компании"" (входит в ""Газпром энергохолдинг"") по МСФО за первый квартал текущего года уменьшилась по сравнению с соответствующим периодом прошлого года на 7,7% и составила 8,42 миллиарда рублей, говорится в отчете компании."	business	https://news.yandex.ru//story/CHistaya_pribyl_MOEHK_po_MSFO_za_I_kvartal_snizilas_na_77_do_84_mlrd_rub--51c2421f1c6152eb110ffb9dbaf85821?lr=47&lang=ru&stid=mG17&persistent_id=63779322&rubric=business&from=rubric
52	Губернатор Приангарья анонсировал полномасштабную индустриализацию	Глава региона анонсировал государственный план полномасштабной индустриализации на 2019-2023 годы.	business	https://news.yandex.ru//story/Gubernator_Priangarya_anonsiroval_polnomasshtabnuyu_industrializaciyu--26afab0720bf3029ed252b7a3aca00e4?lr=47&lang=ru&stid=J2SJj9OStdX_jb6tvPVl&persistent_id=63737822&rubric=business&from=rubric
53	«Финам»: стоимость акций Horizon Therapeutics может вырасти на 14%	"Аналитики ""Финама"" рекомендуют инвесторам покупать акции биофармацевтической компании Horizon Therapeutics, ожидая роста их стоимости на 14,1%."	business	https://news.yandex.ru//story/Finam_stoimost_akcij_Horizon_Therapeutics_mozhet_vyrasti_na_14--d64746150550563c9eef7708f35d61dc?lr=47&lang=ru&stid=aBB4&persistent_id=63767248&rubric=business&from=rubric
54	Число сделок на вторичном рынке жилья в Москве в апреле выросло на 13%	Отмечается, что всего с января по апрель 2019 года число сделок на вторичном рынке жилья возросло в полтора раза. По данным пресс-службы, похожая динамика наблюдалась в 2018 году, - тогда за первые четыре меcяца рост составил также полтора раза: 12,9 тыс. в апреле против 8,3 тыс. в январе.	business	https://news.yandex.ru//story/CHislo_sdelok_na_vtorichnom_rynke_zhilya_v_Moskve_v_aprele_vyroslo_na_13--99928d231fe32ce9331efb7e18ce20f0?lr=47&lang=ru&stid=6uUaucOCRhfiseNKP66m&persistent_id=63747492&rubric=business&from=rubric
55	Российский Минфин предложил сократить профицит бюджета в 2019 году	Согласно документу предлагается увеличить общий объем доходов бюджета РФ на 206 млрд руб. до 20,175 трлн руб. с нынешних 19,969 трлн руб. Прогнозируемый объем дополнительных нефтегазовых доходов предлагается сократить на 192 млрд руб. до 3,177 трлн руб. с действующих 3,369 трлн руб.	business	https://news.yandex.ru//story/Rossijskij_Minfin_predlozhil_sokratit_proficit_byudzheta_v_2019_godu--95a7687a9d7f220530f5c5779290c207?lr=47&lang=ru&stid=PuBaNB5KKougzr97NRfp&persistent_id=63703355&rubric=business&from=rubric
56	Чиновники хотят изменить расчет прожиточного минимума пенсионера	Минтруд предложил изменить правила расчета прожиточного минимума пенсионера в регионах. На основе этого показателя правительство определяет социальные доплаты, чтобы неработающий пенсионер не оказался за чертой бедности по меркам региона.	business	https://news.yandex.ru//story/CHinovniki_khotyat_izmenit_raschet_prozhitochnogo_minimuma_pensionera--e64561e340dfdd86345ec2e5ab4eaf8e?lr=47&lang=ru&stid=kCsk-EPvcvVumOWDSndr&persistent_id=63766913&rubric=business&from=rubric
57	Путин: производителям будут помогать выходить на международные рынки	Федеральные власти в рамках программы импортозамещения будут и дальше поддерживать российских производителей, помогать предприятиям выходить на международные рынки, заявил президент РФ Владимир Путин на Медиафоруме ОНФ.	business	https://news.yandex.ru//story/Putin_proizvoditelyam_budut_pomogat_vykhodit_na_mezhdunarodnye_rynki--bd30da4b436c4245dd08e84ba34489f6?lr=47&lang=ru&stid=Nis_&persistent_id=63779906&rubric=business&from=rubric
58	Прогноз результатов «Алросы» за I квартал по МСФО: выручка выросла на 13% к/к	Учитывая, что компания раскрывает месячные показатели продаж, публикация финансовых результатов редко становится сильным драйвером для&nbsp;акций.	business	https://news.yandex.ru//story/Prognoz_rezultatov_Alrosy_za_I_kvartal_po_MSFO_vyruchka_vyrosla_na_13_k/k--0ed601fcf89533263ae83d9376fca89e?lr=47&lang=ru&stid=6iS8&persistent_id=63752890&rubric=business&from=rubric
59	РЖД разместят «зеленые» бонды на 500 млн евро	"ОАО ""Российские железные дороги"" (РЖД) размещает 8-летние ""зеленые"" бонды - облигаций, все средства от которых идут на финансирование экологических проектов компании-эмитента - на 500 млн евро под 2,2%, сообщил ""Интерфаксу"" источник в банковских кругах."	business	https://news.yandex.ru//story/RZHD_razmestyat_zelenye_bondy_na_500_mln_evro--a78c15ab0fd1e66b2b67ba0234e563aa?lr=47&lang=ru&stid=w92ymXvb0meP&persistent_id=63766833&rubric=business&from=rubric
60	Футболистов Ильина и Мирзова вызвали в КДК после конфликта на матче	Нападающего ФК «Урал» Владимира Ильина и полузащитника тульского «Арсенала» Резиуана Мирзова вызвали на заседание контрольно-дисциплинарного комитета (КДК) Российского футбольного союза (РФС) после конфликта во время матча Кубка России.	sport	https://yandex.ru/sport/story/Futbolistov_Ilina_i_Mirzova_vyzvali_v_KDK_posle_konflikta_na_matche--b61a6a53917920a827772ff0c01ba860?lr=47&lang=ru&stid=-RSRuAGRzr4f0ZF6SGZ3&persistent_id=63765700&rubric=index&from=index
61	Касаткина вышла в третий круг турнира WTA в Риме	Российская теннисистка Дарья Касаткина одержала победу в трех сетах над представительницей Чехии Катержиной Синяковой в игре второго круга турнира WTA в Риме.	sport	https://yandex.ru/sport/story/Kasatkina_vyshla_v_tretij_krug_turnira_WTA_v_Rime--154e34121ff679620e8e7dc0e9e27679?lr=47&lang=ru&stid=NEcKs2uSSiY86UoOjlYv&persistent_id=63771742&rubric=index&from=index
62	Футболист Калачев покинет «Ростов» после матча 29-го тура РПЛ	"Белорусский полузащитник ""Ростова"" 38-летний Тимофей Калачев покинет клуб после матча 29-го тура Российской премьер-лиги (РПЛ). Об этом в четверг сообщила пресс-служба клуба. Матч предпоследнего тура РПЛ между ""Ростовом"" и санкт-петербургским ""Зенитом"" пройдет 19 мая на ""Ростов-Арене""."	sport	https://yandex.ru/sport/story/Futbolist_Kalachev_pokinet_Rostov_posle_matcha_29-go_tura_RPL--13580e73f4879b7fe65bd4d6b1063d9d?lr=47&lang=ru&stid=pwUdI0jr7NuysfoAMh3j&persistent_id=63778798&rubric=index&from=index
63	Испанский «Реал» стал самым дорогим футбольным брендом мира	Мадридский «Реал» опередил британский «Манчестер Юнайтед» и стал самым дорогим футбольным брендом мира, следует из ежегодного отчета Football 50 консалтинговой компании Brand Finance (.pdf). Эксперты оценили стоимость бренда «Реала» в €1,6 млрд.	sport	https://yandex.ru/sport/story/Ispanskij_Real_stal_samym_dorogim_futbolnym_brendom_mira--37589a213dd3fd6f0069bd61b2c7779e?lr=47&lang=ru&stid=gILtTcZIXuE2nWFKyVVF&persistent_id=63272570&rubric=index&from=index
64	Тер Штеген получил травму колена	"Вратарь ""Барселоны"" Марк-Андре тер Штеген испытывает дискомфорт в правом колене, сообщает пресс-служба каталонцев."	sport	https://yandex.ru/sport/story/Ter_SHtegen_poluchil_travmu_kolena--017f4d02d596cd46318ece7c879297b2?lr=47&lang=ru&stid=JiSSOKvdJW6SheuzjqbI&persistent_id=63780221&rubric=index&from=index
65	Сборная России по хоккею одержала самую крупную победу в своей истории	Матч чемпионата мира по хоккею между сборными России и Италии завершился победой команды Ильи Воробьева со счетом 10:0. Встреча прошла на арене имени Ондрея Непелы в Братиславе. Победа с разницей в десять шайб стала самой крупной в истории сборной России.	sport	https://yandex.ru/sport/story/Sbornaya_Rossii_po_khokkeyu_oderzhala_samuyu_krupnuyu_pobedu_v_svoej_istorii--6e38b18c25f84ba455b4392f808c2558?lr=47&lang=ru&stid=TdCvPzgBtdcakB797290&persistent_id=63715535&rubric=index&from=index
66	Чемпионат Европы по художественной гимнастике стартует в Баку	XXXV Чемпионат Европы по художественной гимнастике стартует в эти минуты на Национальной арене гимнастики в Баку. В рамках четырехдневного турнира взрослые гимнастки сразятся в индивидуальных упражнениях, а юниорки выступят в групповых.	sport	https://yandex.ru/sport/story/CHempionat_Evropy_po_khudozhestvennoj_gimnastike_startuet_v_Baku--6f3022930071d2a566298e548dd905cb?lr=47&lang=ru&stid=EVlHJDlwTPee4ro12LOs&persistent_id=63716129&rubric=index&from=index
67	Кирьос, бросивший стул на корт, дисквалифицирован на турнире в Риме	24-летний австралиец, ранее уже отличавшийся неприемлемым поведением во время игр, в третьем сете матча против норвежца Каспера Рууда получил предупреждение от судьи за сломанную ракетку, но не согласился с ним. Киргиос ногой выбросил стул на корт, после чего собрал сумку и покинул корт.	sport	https://yandex.ru/sport/story/Kiros_brosivshij_stul_na_kort_diskvalificirovan_na_turnire_v_Rime--d6fdf9667b0c7ff39428b564037d1b99?lr=47&lang=ru&stid=V8-WVwB8Xf3NDL1hwuJO&persistent_id=63779668&rubric=index&from=index
68	Адвокаты Кокорина и Мамаева подадут апелляцию 20 мая	Игорь Бушманов, адвокат полузащитника «Краснодара» Павла Мамаева, сказал, что он и его коллеги, защищающие форварда «Зенита» Александра Кокорина, его младшего брата Кирилла и друга Александра Протасовицкого, подадут совместную апелляцию 20 мая.	sport	https://yandex.ru/sport/story/Advokaty_Kokorina_i_Mamaeva_podadut_apellyaciyu_20_maya--330d277eacadcc060f8a54c067da6024?lr=47&lang=ru&stid=uLBsKBnkk-6TZExsBurd&persistent_id=63766692&rubric=index&from=index
69	РУСАДА протестировало 11 игроков сборной России перед чемпионатом мира	Пресс-служба Международной федерации хоккея отмечает, что все допинг-пробы, взятые у игроков команд перед чемпионатом мира, оказались отрицательными. Напомним, чемпионат мира проходит Словакии в период с 10 по 26 мая.	sport	https://yandex.ru/sport/story/RUSADA_protestirovalo_11_igrokov_sbornoj_Rossii_pered_chempionatom_mira--2c8a36da9eea1b806085a5dcf411c74f?lr=47&lang=ru&stid=VLvTZ2YpJBkRM_n2&persistent_id=63783730&rubric=index&from=index
70	Курбан Бердыев уйдёт из «Рубина»	Главный тренер казанского «Рубина» Курбан Бердыев покинет свой пост после окончания текущего сезона. Такое решение принял сам специалист, сообщает Sport24.	sport	https://yandex.ru/sport/story/Kurban_Berdyev_ujdyot_iz_Rubina--6cb12f095c0ed5d7a98ce2692ae3abb0?lr=47&lang=ru&stid=qmZKbv1Z15ftxkk74r_d&persistent_id=63755629&rubric=index&from=index
71	Канадец Крэйг Мактавиш стал главным тренером клуба КХЛ «Локомотив»	"Канадский специалист Крэйг Мактавиш назначен главным тренером ярославского клуба Континентальной хоккейной лиги (КХЛ) ""Локомотив"". Об этом в четверг сообщает пресс-служа клуба. Соглашение с 60-летним специалистом рассчитано на два года."	sport	https://yandex.ru/sport/story/Kanadec_Krehjg_Maktavish_stal_glavnym_trenerom_kluba_KKHL_Lokomotiv--53eb53f3a694bfee6a31b006f206efff?lr=47&lang=ru&stid=5fa33YND2Aw0dboD1OeK&persistent_id=63772280&rubric=index&from=index
72	Поле стадиона «Динамо» допустили к проведению матчей РПЛ	Заместитель генерального директора РФС Александр Зорков сообщил, что поле Центрального стадиона «Динамо» допущено к проведению матчей РПЛ. Первый матч на новой арене бело-голубых пройдет 26 мая. В рамках 30-го тура РПЛ «Динамо» сыграет с тульским «Арсеналом».	sport	https://yandex.ru/sport/story/Pole_stadiona_Dinamo_dopustili_k_provedeniyu_matchej_RPL--2e9a40b417aa3be3870fb8a35b87a6af?lr=47&lang=ru&stid=K3o6x-QAhCdVgNWfrCD6&persistent_id=63762182&rubric=index&from=index
73	Глушаков рассказал о переходе из «Локомотива» в «Спартак»	Капитан московского «Спартака» Денис Глушаков рассказал о переходе в стан «красно-белых» из «Локомотива».	sport	https://yandex.ru/sport/story/Glushakov_rasskazal_o_perekhode_iz_Lokomotiva_v_Spartak--1b7085d5bcb9704acc97dbe58f7bba55?lr=47&lang=ru&stid=1MJKG8J1gWJa6EeZ9O6V&persistent_id=63782550&rubric=index&from=index
74	Лыжник Александр Большунов сменил спортивную прописку	Спортсмен принял решение сменить регион. Теперь он будет представлять Архангельскую область. Вместе с ним регион покидает и его девушка Анна Жеребятьева.	sport	https://yandex.ru/sport/story/Lyzhnik_Aleksandr_Bolshunov_smenil_sportivnuyu_propisku--757965ddfb123a07587f343e7dc010e4?lr=47&lang=ru&stid=84VA1WYfFQEp-e5O8KnF&persistent_id=63665095&rubric=index&from=index
75	В московском Институте физической химии произошел взрыв	"Ранее другой источник сообщил ""Интерфаксу"", что экстренные службы Москвы проверяют информацию о хлопке при лабораторных опытах в Институте физической химии и электрохимии имени Фрумкина по адресу Ленинский проспект, д. 31/4."	incident	https://news.yandex.ru//story/V_moskovskom_Institute_fizicheskoj_khimii_proizoshel_vzryv--d642ce7aec362ab8dc3fadde26c8adde?lr=47&lang=ru&stid=G4P54Fda_09A9vZcSusz&persistent_id=63775842&rubric=incident&from=rubric
76	В Екатеринбурге арестован 21 задержанный на акции против храма	В Екатеринбурге Верх-Исетский райсуд назначил сроки наказания участникам протестной акции, задержанным 14 мая. Об этом корреспонденту ИА&nbsp;REGNUM сообщили в пресс-службе Свердловского облсуда. Всего суд рассмотрел 22 материала.	incident	https://news.yandex.ru//story/V_Ekaterinburge_arestovan_21_zaderzhannyj_na_akcii_protiv_khrama--155914fae881f137bffb0e98bde680e0?lr=47&lang=ru&stid=qFApdUpxfV5jUODhuGXQ&persistent_id=63674592&rubric=incident&from=rubric
77	В Москве задержан крупный финансист «Исламского государства»	"ФСБ совместно со Следственным комитетом, МВД и Росфинмониторингом пресекла деятельность крупного финансиста запрещенной в РФ террористической организации ""Исламское государство"". Судя по кадрам оперативного видео, подозреваемого молодого человека задержали вчера в Москве."	incident	https://news.yandex.ru//story/V_Moskve_zaderzhan_krupnyj_finansist_Islamskogo_gosudarstva--ae07055545c503194d687d1c94f16da1?lr=47&lang=ru&stid=NP3JNNlJCZpCgMjJRW_h&persistent_id=63754546&rubric=incident&from=rubric
78	Две россиянки получили ранения в результате авианалета в Йемене	Всего в ходе авианалета, по последним данным, погибли шесть человек, еще 41 человек получил ранения. Мишенью самолетов коалиции были позиции мятежников-хуситов в Сане. Однако по некоторым данным, пострадать могли и гражданские объекты.	incident	https://news.yandex.ru//story/Dve_rossiyanki_poluchili_raneniya_v_rezultate_avianaleta_v_Jemene--a255237a1bc89c2904a7225d60ae6850?lr=47&lang=ru&stid=llT5_ncGmS_l4mmDCEOy&persistent_id=63743978&rubric=incident&from=rubric
79	Суд отказался возвращать в прокуратуру дело «Зимней вишни»	Заводский районный суд Кемерово отказал адвокатам обвиняемых по делу о пожаре в торговом центре «Зимняя вишня» в возвращении дела в прокуратуру. Сегодня, 16 мая, проходит первое судебное заседание по делу.	incident	https://news.yandex.ru//story/Sud_otkazalsya_vozvrashhat_v_prokuraturu_delo_Zimnej_vishni--2cc6a7d39b11916398876216dbf1b25d?lr=47&lang=ru&stid=egR1oftbMo7Yr543MoCi&persistent_id=63109228&rubric=incident&from=rubric
80	Бастрыкин поручил проверить материалы дел о выдаче жилья иркутским сиротам	Глава СК РФ Александр Бастрыкин поручил проанализировать материалы дел о выдаче жилья для детей-сирот в Тайшестком районе Иркутской области, сообщила официальный представитель ведомства Светлана Петренко.	incident	https://news.yandex.ru//story/Bastrykin_poruchil_proverit_materialy_del_o_vydache_zhilya_irkutskim_sirotam--270bae188dc1bbdfafc20590bbabda0a?lr=47&lang=ru&stid=ls76&persistent_id=63780615&rubric=incident&from=rubric
81	Россиянин перевозил мертвеца в мешке на крыше автомобиля	Водитель автомобиля «Волга» перевозил труп на крыше машины. Фотографию транспортировки, сделанную на одной из улиц Воронежа, опубликовал Telegram-канал Hue. На снимке видно тело мужчины в мешке, прикрепленном к навесному багажнику автомобиля.	incident	https://news.yandex.ru//story/Rossiyanin_perevozil_mertveca_v_meshke_na_kryshe_avtomobilya--2abfceeb45854155844c086589fc48bd?lr=47&lang=ru&stid=WXYDcjnf8POrRcjVCnLk&persistent_id=63707866&rubric=incident&from=rubric
82	Вологжанин подбросил свою дочь на крыльцо роддома	15 мая нетрезвый мужчина сам явился в отдел полиции и всё рассказал. Как оказалось, он не смог успокоить плачущего ребенка, поэтому оставил ее на крыльце медицинского учреждения. После этого он ушел из дома и вернулся лишь спустя несколько дней.	incident	https://news.yandex.ru//story/Vologzhanin_podbrosil_svoyu_doch_na_krylco_roddoma--dc99b19506c9b43215385dbb60119237?lr=47&lang=ru&stid=yfE7nlufeqVvhgqSs-Fc&persistent_id=63751931&rubric=incident&from=rubric
83	Мать девочки, брошенной в квартире в Москве, признали невменяемой	По результатам психиатрической экспертизы мать жившей в захламленной московской квартире девочки-маугли Ирину Гаращенко признали невменяемой, поставленный диагноз позволит ей после лечения вернуться к воспитанию дочери, сообщает в четверг «Интерфакс».	incident	https://news.yandex.ru//story/Mat_devochki_broshennoj_v_kvartire_v_Moskve_priznali_nevmenyaemoj--2a9967bbde51d6a66bf6c00a770da064?lr=47&lang=ru&stid=GCErmFgO0wL8w-iAp4YB&persistent_id=63706416&rubric=incident&from=rubric
84	На Ставрополье столкнулись восемь автомобилей: два человека погибли	Авария произошла около 13:00 на 33 километре автодороги «Минеральные Воды — Кисловодск» (вблизи Женского Монастыря). В результате столкновения двух грузовых «Газелей», а также шести легковых автомобилей погибли два человека, еще один госпитализирован с травмами.	incident	https://news.yandex.ru//story/Na_Stavropole_stolknulis_vosem_avtomobilej_dva_cheloveka_pogibli--de96dbf830a3c528ed6a86c53df343f8?lr=47&lang=ru&stid=ukGjJhQ_dEweABOUwXqj&persistent_id=63766718&rubric=incident&from=rubric
85	Патрульный автомобиль опрокинулся на Коллонтай, пострадал полицейский	Сегодня на улице Коллонтай автомобиль патрульно-постовой службы Невского района столкнулся с препятствием и перевернулся, сообщили в пресс-службе ГУ МВД по Петербургу и Ленобласти.	incident	https://news.yandex.ru//story/Patrulnyj_avtomobil_oprokinulsya_na_Kollontaj_postradal_policejskij--8ddfeaf3aae755b0dc941ebbc6219ce8?lr=47&lang=ru&stid=RH6oHWzoI87V6MsAv9m7&persistent_id=63748698&rubric=incident&from=rubric
86	В Тихорецке уголовник подорвал гранатой свою бывшую сожительницу	С братом у мужчины неоднократно случались конфликты на бытовой почве. 21 июня 2018 года в ходе очередной ссоры пьяный Беликов вышел во двор и бросил в открытое окно дома гранату РГД. Сообщается, что боеприпас он приобрел ранее.	incident	https://news.yandex.ru//story/V_Tikhorecke_ugolovnik_podorval_granatoj_svoyu_byvshuyu_sozhitelnicu--144d809f2619efe46eca0ec35d0fcbb5?lr=47&lang=ru&stid=Y9nkZaQeTNgugmUrf4sP&persistent_id=63777139&rubric=incident&from=rubric
87	На Кубани замминистра АПК края заподозрили в крупной взятке	В министерстве сельского хозяйства и перерабатывающей промышленности Краснодарского края началась проверка по факту возможного получения двумя высокопоставленными чиновниками ведомства четырех миллионов рублей якобы за содействие в предоставлении гранта.	incident	https://news.yandex.ru//story/Na_Kubani_zamministra_APK_kraya_zapodozrili_v_krupnoj_vzyatke--303ebdf0f9484b2f95a07a4a0b192129?lr=47&lang=ru&stid=OQZZcrag4e2hz3Hko4Pb&persistent_id=63753614&rubric=incident&from=rubric
88	В Казахстане арестовали политолога Сыроежкина по делу о госизмене	В Казахстане арестовали ученого-китаиста и политолога Константина Сыроежкина по подозрению в госизмене. Об этом сообщает местный портал «Inform Бюро» со ссылкой на пресс-службу Комитета национальной безопасности (КНБ) страны.	incident	https://news.yandex.ru//story/V_Kazakhstane_arestovali_politologa_Syroezhkina_po_delu_o_gosizmene--82609261a421ac905ca942e1bbc5554d?lr=47&lang=ru&stid=IilR8yI5&persistent_id=63779931&rubric=incident&from=rubric
89	В СКР назвали причину гибели актера Дмитрия Марьянова	Подмосковные следователи закончили масштабную работу по расследованию резонансного уголовного дела о гибели популярного актера театра и кино Дмитрия Марьянова. Об этом в четверг сообщили в управлении по взаимодействию со СМИ Следственного комитета России.	incident	https://news.yandex.ru//story/V_SKR_nazvali_prichinu_gibeli_aktera_Dmitriya_Maryanova--7b690c0516b92e3c2711c7e03540f0ea?lr=47&lang=ru&stid=gafS47jWW10dAMg56tEO&persistent_id=63781290&rubric=incident&from=rubric
90	Первый канал аннулировал итоги финала шоу «Голос. Дети»	«Промежуточные результаты проверки подтверждают, что на голосование было оказано внешнее воздействие, которое повлияло на итоги шоу», — пояснили представители канала.	culture	https://news.yandex.ru//story/Pervyj_kanal_annuliroval_itogi_finala_shou_Golos._Deti--069476661fc7f4df264451cdc34467fc?lr=47&lang=ru&stid=U10CERxCBDC1vZWKJWYf&persistent_id=63766616&rubric=culture&from=rubric
91	Фанаты потребовали от HBO переснять последний сезон «Игры престолов»	Больше 400 тыс. фанатов «Игры престолов» подписали петицию, в которой потребовали от HBO переделать финальный восьмой сезон сериала. Петиция появилась на сайте Change.org.	culture	https://news.yandex.ru//story/Fanaty_potrebovali_ot_HBO_peresnyat_poslednij_sezon_Igry_prestolov--c8eeb2131c75337375b7cbb4d70f2da5?lr=47&lang=ru&stid=3qBT2ZGs91aZE01ZR1il&persistent_id=63633469&rubric=culture&from=rubric
92	Испанский суд снял с Шакиры обвинения в плагиате	В суд на певицу подал кубинский композитор Ливан Рафаэль Кастельяно, заявивший, что в песне Шакиры используются куски из его произведения.	culture	https://news.yandex.ru//story/Ispanskij_sud_snyal_s_SHakiry_obvineniya_v_plagiate--96c9be03bc0a32507078a9b3b39f0a79?lr=47&lang=ru&stid=BxaLVC30o-MuPEhfL4NQ&persistent_id=63766328&rubric=culture&from=rubric
93	Скульптуру Джеффа Кунса «Кролик» продали на рекордные $91,1 млн	"Скульптуру под названием ""Кролик"", созданную американским художником Джеффом Кунсом, продали на аукционе в США за 91.1 млн долларов — это, как сообщает информагентство РИА Новости, рекордная цена для скульптуры, создавший которую художник все еще жив."	culture	https://news.yandex.ru//story/Skulpturu_Dzheffa_Kunsa_Krolik_prodali_na_rekordnye_$911_mln--cf0701e31edd445d7ee16b82a5e9c13d?lr=47&lang=ru&stid=tC2jDdCxLtEVeGy2Yqor&persistent_id=63730576&rubric=culture&from=rubric
94	Суд отказался запрещать въезд в Украину Федору Добронравову	"В отличие от ранее принятого (и уже отмененного) решения о запрете ""Сватов"". Ранее в Шестой апелляционный административный суд были поданы жалобы на решения Окружного админсуда Киева, который разрешил въезд в Украину Добронравову и показ сериала ""Сваты""."	culture	https://news.yandex.ru//story/Sud_otkazalsya_zapreshhat_vezd_v_Ukrainu_Fedoru_Dobronravovu--c1552aa6d67c71c5d43c7c4cf9d10db7?lr=47&lang=ru&stid=_WdOsuvmXrG3Qgq3ws2q&persistent_id=63720190&rubric=culture&from=rubric
95	Букмекеры назвали фаворитов Евровидения	Букмекеры считают, что победителем песенного конкурса Евровидение, которое проходит в этом году в Тель-Авиве, станет певец из Нидерландов Дункан Лоуренс, сообщило издание El Periodico. Российский исполнитель Сергей Лазарев, согласно прогнозам, попадет в пятерку.	culture	https://news.yandex.ru//story/Bukmekery_nazvali_favoritov_Evrovideniya--4c80842debcf832079b4bdb9181cb80e?lr=47&lang=ru&stid=5ieJqif4wAEc9-1JBjyg&persistent_id=63728915&rubric=culture&from=rubric
96	Главный символ Каннского кинофестиваля. История создания «Золотой пальмовой ветви»	"Главную награду международного Каннского кинофестиваля - ""Золотую пальмовую ветвь"" - во Францию привозят из соседней Швейцарии. Стоимость ювелирного изделия оценивается в € 20 тыс. Этот приз когда-то предложил создать бывший генеральный директор фестиваля Робер Фавр Ле Бре."	culture	https://news.yandex.ru//story/Glavnyj_simvol_Kannskogo_kinofestivalya._Istoriya_sozdaniya_Zolotoj_palmovoj_vetvi--1e8bf8e22db91463c6175fc8f6b81656?lr=47&lang=ru&persistent_id=63783012&rubric=culture&from=rubric
97	Вышел трейлер драмы «Дылда» Кантемира Балагова	Кинопоиск опубликовал трейлер второго полнометражного фильма Кантемира Балагова «Дылда». Драма вошла в&nbsp;конкурсную программу 72-го Каннского кинофестиваля «Особый взгляд».	culture	https://news.yandex.ru//story/Vyshel_trejler_dramy_Dylda_Kantemira_Balagova--28f20326999a5be6c584a42d7981e00b?lr=47&lang=ru&stid=NOQlZrDXUDtj9FPBAmA5&persistent_id=63666094&rubric=culture&from=rubric
98	Отец финалиста шоу «Голос. Дети» Валерия Кузакова рассказал о впечатлениях сына от проекта	На шоу мальчик представлял команду певицы Пелагеи, но победу одержала Микелла Абрамова, что спровоцировало скандал и стало причиной проверки итогов голосования. Ранее эксперты зафиксировали накрутку голосов в пользу дочери Алсу.	culture	https://news.yandex.ru//story/Otec_finalista_shou_Golos._Deti_Valeriya_Kuzakova_rasskazal_o_vpechatleniyakh_syna_ot_proekta--5c687398f64f4b4e471dfbbb3c6fe6f3?lr=47&lang=ru&persistent_id=63781982&rubric=culture&from=rubric
99	8 крутых персонажей, созданных на компьютере	Добби/Гарри Поттер и&nbsp;Тайная комната Депрессивный эльф-домовик, склонный к&nbsp;самоистязанию, мгновенно приходит на&nbsp;ум всем, кто&nbsp;начинает думать про&nbsp;стопроцентно компьютерных персонажей.	culture	https://news.yandex.ru//story/8_krutykh_personazhej_sozdannykh_na_kompyutere--8aa3f10bde4caa82d72cfaf0341f2179?lr=47&lang=ru&stid=HqME&persistent_id=63785374&rubric=culture&from=rubric
100	Представительница Кипра выступила на Евровидении в «голом костюме»	Грузинская певица Тамта, представляющая Кипр на конкурсе Евровидение в Тель-Авиве, поразила зрителей своим откровенным «голым нарядом». В первом полуфинале она исполнила песню Replay.	culture	https://news.yandex.ru//story/Predstavitelnica_Kipra_vystupila_na_Evrovidenii_v_golom_kostyume--7fe2c652be4319f17d826763b7b68cb6?lr=47&lang=ru&stid=AgXq-AdJz_F6aWflVBdv&persistent_id=63696568&rubric=culture&from=rubric
101	Сериал «Чудотворцы» с Дэниэлом Рэдклиффом продлили на второй сезон	Американская компания TBS продлила сериал «Чудотворцы» с Дэниэлом Рэдклиффом и Стивом Бушеми на второй сезон, сообщил 15 мая портал Deadline. Продюсерами выступят Стив Бушеми, Лорн Майклз, Эндрю Сингер и Кэти Дженсен.	culture	https://news.yandex.ru//story/Serial_CHudotvorcy_s_Dehniehlom_Rehdkliffom_prodlili_na_vtoroj_sezon--5e2942b62140e63ac91197647e5e3f1a?lr=47&lang=ru&stid=awRXsiVm0-ol22quNoDZ&persistent_id=63703864&rubric=culture&from=rubric
102	Первый канал аннулировал результат финала шоу «Голос. Дети»	В пресс-службе пояснили, что предварительная экспертиза подтвердила факт внешнего воздействия на ход голосования. Отмечается, что проверка, которой занималась Group-IB, должна была подтвердить или опровергнуть факт искусственного воздействия на результаты.	culture	https://news.yandex.ru//story/Pervyj_kanal_annuliroval_rezultat_finala_shou_Golos._Deti--1cfb654e6cfa65a43783e5853c34d32d?lr=47&lang=ru&stid=ERxCXUApuj6l4Npw_oeJ&persistent_id=63766616&rubric=culture&from=rubric
103	От HBO потребовали переснять 8 сезон «Игры престолов»	"Поклонники сериала ""Игра престолов"" потребовали переснять восьмой, заключительный сезон саги. Петиция с требованием появилась на сайте Change.org. Фанаты выразили яростное возмущение тем, как Дэвид Бениофф и Дэн Уайсс проявили себя как сценаристы, не имея возможности опереться на материал книг."	culture	https://news.yandex.ru//story/Ot_HBO_potrebovali_peresnyat_8_sezon_Igry_prestolov--5a7529b5289e53f63dfd617084d34b59?lr=47&lang=ru&stid=x3hw2ZGsE01ZR1il91aZ&persistent_id=63633469&rubric=culture&from=rubric
104	Скульптуру Джеффа Кунса «Кролик» продали на рекордные $91,1 млн	На аукционе Christie's в Нью-Йорке скульптура Джеффа Кунса «Кролик» продали за рекордную стоимость для ныне живущего художника – 91,1 миллион долларов.	culture	https://news.yandex.ru//story/Skulpturu_Dzheffa_Kunsa_Krolik_prodali_na_rekordnye_$911_mln--cf0701e31edd445d7ee16b82a5e9c13d?lr=47&lang=ru&stid=tC2jLtEVW1TUeGy2Yqor&persistent_id=63730576&rubric=culture&from=rubric
105	Павел Дуров раскритиковал WhatsApp	"Основатель Telegram Павел Дуров рассказал о проблемах с безопасностью в мессенджере WhatsApp. Об этом сообщает РИА ""Новости"". ""Выявленные проблемы позволяют вести слежку, выглядят и функционируют как бэкдоры"", - сказал Дуров."	computers	https://news.yandex.ru//story/Pavel_Durov_raskritikoval_WhatsApp--899fb60ad857f17e4de12dde5f3f07c6?lr=47&lang=ru&stid=rbLgawnMuT0YpTepjtGQ&persistent_id=63722718&rubric=computers&from=rubric
106	Google создал переводчик, имитирующий голос пользователя	Google разработала специальный алгоритм, который может переводить речь с одного языка на другой, сохраняя голос говорящего и не используя текст.	computers	https://news.yandex.ru//story/Google_sozdal_perevodchik_imitiruyushhij_golos_polzovatelya--ed9fbc86b04347415b0e4ab3e8c42b59?lr=47&lang=ru&stid=G5_pC62u6QD707FYEP4L&persistent_id=63747269&rubric=computers&from=rubric
107	Выпущена первая в мире карта microSD на 1 Тб	Американская компания Sandisk начала онлайн-продажи первой в своем роде карты microSD с объемом памяти 1 терабайт. Стоимость нового хранителя данных под названием Extreme составляет $499,9 (около 32,2 тыс. руб.).	computers	https://news.yandex.ru//story/Vypushhena_pervaya_v_mire_karta_microSD_na_1_Tb--a84bb0a2caf01da770f08a78a4dc7a85?lr=47&lang=ru&stid=3VJQPfgsIGAQVGy8P2oT&persistent_id=63754266&rubric=computers&from=rubric
108	Любую игру из Steam теперь можно бесплатно запустить на iPhone	Приложение Steam Link от Valve теперь доступно на устройствах iOS и Apple TV. Оно позволяет удаленно стримить игры, запущенные на компьютере, на дисплее смартфона. Поддерживаются операционные системы Windows, Mac или Linux.	computers	https://news.yandex.ru//story/Lyubuyu_igru_iz_Steam_teper_mozhno_besplatno_zapustit_na_iPhone--6219677a5f7c060b1504ec18e1d2035b?lr=47&lang=ru&stid=Ql0pqpNRGoFX1hrCJ54M&persistent_id=63741259&rubric=computers&from=rubric
109	«Билайн» пообещал заменить все базовые станции в Москве и Подмосковье	К концу 2020 года «ВымпелКом» (бренд «Билайн») заменит все базовые станции в столице и Московской области на новое оборудование и подготовит сеть к внедрению связи следующего, пятого, поколения (5G).	computers	https://news.yandex.ru//story/Bilajn_poobeshhal_zamenit_vse_bazovye_stancii_v_Moskve_i_Podmoskove--751bbff398f56c4358da287a65b34403?lr=47&lang=ru&stid=FqkvSpAuCfKNPg9SaRgV&persistent_id=63764290&rubric=computers&from=rubric
110	Vivo радикально снизила цены на свои смартфоны в России	Компания Vivo сообщила о серьезном снижении цен на ряд своих смартфонов, относящихся к среднему классу и к категории флагманов. С 17 мая аппараты по новым ценам будут доступны в интернет-магазине Vivo и в магазинах официальных партнеров производителя.	computers	https://news.yandex.ru//story/Vivo_radikalno_snizila_ceny_na_svoi_smartfony_v_Rossii--6ac10d928ee52189968148debe376b4e?lr=47&lang=ru&stid=rDMAvfve3DCNqhoQ&persistent_id=63776777&rubric=computers&from=rubric
111	В Epic Games Store открылся предзаказ Detroit: Become Human, Heavy Rain и Beyond: Two Souls	Ранее все три проекта были доступны лишь на консолях PlayStation 3 и PlayStation 4, а вышли в 2018, 2010 и 2013 годах соответственно. Однако еще в рамках прошедшей в марте GDC (Конференции разработчиков игр) стало известно, что игры выйдут и на ПК как эксклюзивы Epic Games Store.	computers	https://news.yandex.ru//story/V_Epic_Games_Store_otkrylsya_predzakaz_Detroit_Become_Human_Heavy_Rain_i_Beyond_Two_Souls--a657788e4232b97550aa67e7128a9b4e?lr=47&lang=ru&stid=yNlfVAf5YW4yIU1p&persistent_id=63786138&rubric=computers&from=rubric
112	94% студентов мечтают о работе в игровой индустрии	Компания Riot Games, известная по успешной МОВА League of Legends, провела исследование среди студентов Высшей школы экономики (ВШЭ). В результате опроса выяснилось, что примерно 94% учащихся мечтают о работе в игровой индустрии.	computers	https://news.yandex.ru//story/94_studentov_mechtayut_o_rabote_v_igrovoj_industrii--e90352f9498d974b20edef0ba71942b5?lr=47&lang=ru&stid=-Fnf&persistent_id=63786953&rubric=computers&from=rubric
113	Представлен компактный смартфон Sony Xperia Ace	Стали известны точные характеристики модели и стоимость. Sony Xperia Ace окажется компактной, поскольку получит диагональ дисплея в 5 дюймов, в то время как его разрешение составит 2160 х 1080 точек при соотношении сторон 18:9. Работа смартфона будет осуществляться на базе чипа Snapdragon 630.	computers	https://news.yandex.ru//story/Predstavlen_kompaktnyj_smartfon_Sony_Xperia_Ace--2c1754c3aac28749a4b0e74030bcd656?lr=47&lang=ru&stid=qRr1K9cXXjnX78k1yt6S&persistent_id=63657150&rubric=computers&from=rubric
114	Раскрыты технические характеристики Xiaomi Mi Mix 4 с 16 ГБ ОЗУ	Презентация новинки еще не названа, а вот технические характеристики уже слиты. Так, стало известно, что смартфон Xiaomi Mi Mix 4 будет работать на процессоре Snapdgraon 855. Экран в модели будет выполнен по технологии AMOLED и получил разрешение 2K.	computers	https://news.yandex.ru//story/Raskryty_tekhnicheskie_kharakteristiki_Xiaomi_Mi_Mix_4_s_16_GB_OZU--9c93b06fa1a97076cf6136e463507f70?lr=47&lang=ru&stid=wNhxm1ocN7v4utozhsSi&persistent_id=63740517&rubric=computers&from=rubric
115	В Германии прошли испытания воздушного электротакси	Немецкая компания Lilium провела успешные беспилотные испытания пятиместного электрического аэротакси, выполненного по&nbsp;схеме конвертоплана. К&nbsp;2025 году планируется запустить в&nbsp;нескольких городах сервис такси, использующий такие аппараты, сообщается на сайте компании.	computers	https://news.yandex.ru//story/V_Germanii_proshli_ispytaniya_vozdushnogo_ehlektrotaksi--f6b6559bbe8b7c7bd24ec0f230443bf1?lr=47&lang=ru&stid=3suF6sLxD8xvarYIWIWA&persistent_id=63745954&rubric=computers&from=rubric
116	Samsung исправила недостатки Galaxy Fold	Компания Samsung устранила недостатки складного смартфона Galaxy Fold, из-за которых производителю пришлось отложить релиз устройства.	computers	https://news.yandex.ru//story/Samsung_ispravila_nedostatki_Galaxy_Fold--0b605b749f3104b6d223e528d6bd653b?lr=47&lang=ru&stid=1N67hPay1XUkV2nfVVpL&persistent_id=63703364&rubric=computers&from=rubric
117	OnePlus 7 Pro стоит в Китае всего $580	OnePlus 7 Pro в Китае же стоит $580-725. Таким образом, базовая версия OnePlus 7 Pro на внутреннем рынке Китая стоит аналогично с базовым OnePlus 7 в Европе.	computers	https://news.yandex.ru//story/OnePlus_7_Pro_stoit_v_Kitae_vsego_$580--324f4ef848e2bdb7ccb8fcc6b4014ff9?lr=47&lang=ru&stid=t2SsZJLT&persistent_id=63762929&rubric=computers&from=rubric
118	Релиз Skull Bones от Ubisoft вновь отложен на неопределённый срок	Пиратский приключенческий экшен Skull &amp; Bones от Ubisoft всё никак не может увидеть свет. Его анонсировали на E3 2017 и планировали выпустить до конца 2018 года. Потом его отложили до 2019 финансового года.	computers	https://news.yandex.ru//story/Reliz_Skull_Bones_ot_Ubisoft_vnov_otlozhen_na_neopredelyonnyj_srok--a0acd4fc8c5b10f5e81b8b98aefbf5ea?lr=47&lang=ru&stid=oArlDV8xulQiT9eDq-Id&persistent_id=63709319&rubric=computers&from=rubric
119	МВД может создать портал для обращений людей по киберугрозам	Согласно концепции, МВД предстоит создать ситуационный центр по кибербезопасности с несколькими подразделениями. Вместе они будут принимать и обрабатывать обращения людей по киберугрозам и инцидентам через специальный сайт, по sms-сообщениям, электронной почте, звонкам и в соцсетях, описано в ней.	computers	https://news.yandex.ru//story/MVD_mozhet_sozdat_portal_dlya_obrashhenij_lyudej_po_kiberugrozam--431ebdbfec1ab354980dc4f5e5146911?lr=47&lang=ru&persistent_id=63774265&rubric=computers&from=rubric
120	Легендарный манускрипт Войнича расшифровали в Англии	Манускрипт, написанный, предположительно, в XV веке неизвестным автором на неизвестном языке, может быть расшифрован. Доктор Джерард Чешир из Бристольского университета заявил, что знает алгоритм расшифровки легендарной рукописи Войнича, сообщает 360 со ссылкой на Romance Studies.	science	https://news.yandex.ru//story/Legendarnyj_manuskript_Vojnicha_rasshifrovali_v_Anglii--499b139aa4d2a1071f90816c3cd4d033?lr=47&lang=ru&stid=NiHFqmM7HaLwmPWEYfPb&persistent_id=63670085&rubric=science&from=rubric
121	Ученые рассказали, какие пары чаще всего занимаются сексом	Частоту и качество половых контактов обычно связывают с рядом факторов. Прежде всего, речь идет о продолжительности романтических отношений. Но ученые решили провести исследование и выяснить, какие пары чаще занимаются сексом.	science	https://news.yandex.ru//story/Uchenye_rasskazali_kakie_pary_chashhe_vsego_zanimayutsya_seksom--f7b4cbd7645eba30b85c248e7c8d6517?lr=47&lang=ru&stid=_uU0T42baq31pBE5GU_Z&persistent_id=63739899&rubric=science&from=rubric
122	Искусственный интеллект создал уникальный рецепт односолодового виски	Уникальный рецепт односолодового виски создал искусственный интеллект. Необычный эксперимент провели специалисты финской компании Fourkind, которая известна внедрением ИИ в различные бизнес-проекты, эксперты шведского производителя алкогольных напитков Mackmyra и разработчики Microsoft Azure.	science	https://news.yandex.ru//story/Iskusstvennyj_intellekt_sozdal_unikalnyj_recept_odnosolodovogo_viski--783d873c8f149c091d11978741104ff5?lr=47&lang=ru&stid=jrSMSD-JkXJGHQt9RZtL&persistent_id=63263667&rubric=science&from=rubric
123	Отит начнут выявлять с помощью смартфона	Специалисты Вашингтонского университета в США представили новый метод диагностики отита с помощью смартфона.	science	https://news.yandex.ru//story/Otit_nachnut_vyyavlyat_s_pomoshhyu_smartfona--1b93e527eeb1644ebc99289a38cb3a52?lr=47&lang=ru&stid=xkg7m6EwIpvpSvXmOBJc&persistent_id=63750150&rubric=science&from=rubric
124	Стратосферный планер испытают на высоте 27 тысяч метров	Подразделение Perlan Project европейского авиастроительного концерна Airbus начало готовить перспективный стратосферный планер Perlan 2&nbsp;к испытаниям полетом на&nbsp;высоте более 27&nbsp;тысяч метров.	science	https://news.yandex.ru//story/Stratosfernyj_planer_ispytayut_na_vysote_27_tysyach_metrov--7334bbc893d2d56830d3051cfacfe6a2?lr=47&lang=ru&persistent_id=63780769&rubric=science&from=rubric
125	Неандертальцы и современные люди разошлись 800 тысяч лет назад	Группа ученых предоставила выводы о том, что эволюционные пути неандертальцев и предков современных людей разошлись значительно раньше, чем это предполагалась до сих пор. До этого, основываясь на анализе древних ДНК, это произошло порядка 300-500 тысяч лет назад.	science	https://news.yandex.ru//story/Neandertalcy_i_sovremennye_lyudi_razoshlis_800_tysyach_let_nazad--2984ea4a4774006de632a4237de34605?lr=47&lang=ru&stid=38kltOdD1baYwv9DySPF&persistent_id=63716714&rubric=science&from=rubric
126	Ученые показали, как меняется голова ребенка во время родов	Группа американских и французских ученых провела сканирование магнитно-резонансным томографом женщин, находившихся на втором периоде родов, и проследила, как в ходе этого процесса меняется череп ребенка. Работа опубликована&nbsp;в журнале PLOS One.	science	https://news.yandex.ru//story/Uchenye_pokazali_kak_menyaetsya_golova_rebenka_vo_vremya_rodov--46b1341bd54967cc7c096e1eb8541fbb?lr=47&lang=ru&stid=uLVnTGrDlG-b&persistent_id=63752691&rubric=science&from=rubric
127	Тяжелые инфекционные заболевания лягушек развиваются из-за изменений климата	Ученые провели исследование, которое показало влияние климата на развитие инфекционных заболеваний у лягушек. Основной причиной распространения тяжелой болезни является ранавирус. Чаще всего заражение лягушек происходит именно в жаркие месяца.	science	https://news.yandex.ru//story/Tyazhelye_infekcionnye_zabolevaniya_lyagushek_razvivayutsya_iz-za_izmenenij_klimata--d0fcbb6d1d5010b91d9e8b22ec69c417?lr=47&lang=ru&persistent_id=63005044&rubric=science&from=rubric
128	Учёные: Отрицательной калорийности не бывает	Новое исследование опровергло имеющуюся до этих пор теорию о существовании низкокалорийных продуктов. Учёные исследовали сельдерей, листовой салат, грейпфрут, огурцы и брокколи и пришли к неутешительному, для многих выводу.	science	https://news.yandex.ru//story/Uchyonye_Otricatelnoj_kalorijnosti_ne_byvaet--daa6b65a41d2aaf32a012001eed9959b?lr=47&lang=ru&stid=mC2JdtFH&persistent_id=62873907&rubric=science&from=rubric
129	Российские ученые МФТИ впервые в мире получили «двухмерное» золото	Российские ученые впервые в мире получили «двухмерное» золото. Российские специалисты первый раз смогли превратить золото в «двумерный» материал, сообщает информационный новостной портал evo-rus.com.	science	https://news.yandex.ru//story/Rossijskie_uchenye_MFTI_vpervye_v_mire_poluchili_dvukhmernoe_zoloto--c481ba7872e27fd3890f5bd9817b3828?lr=47&lang=ru&stid=7wbO60VmeeElLPP2jn9A&persistent_id=63243396&rubric=science&from=rubric
130	Бесплатный способ омоложения предложили ученые	Аниш Бхува проанализировал данные о 139 начинающих бегунах в возрасте от 21 года до 69 лет, которые прошли подготовку и поучаствовали в марафоне.	science	https://news.yandex.ru//story/Besplatnyj_sposob_omolozheniya_predlozhili_uchenye--4a6e54b9d135ba9a6264841430c0b6fd?lr=47&lang=ru&persistent_id=62281352&rubric=science&from=rubric
131	Быструю ходьбу связали с высокой продолжительностью жизни	Средний возраст включенных в анализ людей составлял 58,2 года, средний ИМТ — 26,7 кг/м2 (это выше нормы, которая составляет 18,5—24,99 кг/м2). Исходя из этих данных, ученые построили статистическую модель, которая связала эти факторы продолжительностью жизни участников исследования.	science	https://news.yandex.ru//story/Bystruyu_khodbu_svyazali_s_vysokoj_prodolzhitelnostyu_zhizni--ae12e93dea6fc0db34db2fe84eb0d11a?lr=47&lang=ru&stid=GY2j&persistent_id=63777568&rubric=science&from=rubric
132	Сканированием мозга вместо детектора лжи легко манипулировать	Натренированным обманщикам часто удается успешно скрыть свое вранье от детекторов лжи. Альтернативный путь разоблачения лжецов - сканирование мозга с помощью МРТ. Этот метод позволяет увидеть усиливающуюся при обмане активность определенных участков головного мозга.	science	https://news.yandex.ru//story/Skanirovaniem_mozga_vmesto_detektora_lzhi_legko_manipulirovat--ce53df57706af18c3a1c76a9b30bb78d?lr=47&lang=ru&stid=mi8i&persistent_id=61683104&rubric=science&from=rubric
133	Создана «самая искусственная» форма жизни на Земле	Эксперты утверждают, что на сегодняшний день это наиболее амбициозная попытка создать «полностью искусственную» форму жизни. Генетический код всех организмов Земли написан на общем «языке» ДНК.	science	https://news.yandex.ru//story/Sozdana_samaya_iskusstvennaya_forma_zhizni_na_Zemle--abe9890a713a980a71dc371e6d18dd61?lr=47&lang=ru&stid=SFIMbXW8aQhawF8rYOvc&persistent_id=63707725&rubric=science&from=rubric
134	Сильная магнитная буря началась на Земле	На планете Земля зарегистрирована самая крупная магнитная буря за последние два года, сообщает РИА Новости со ссылкой на слова главного научного сотрудника Лаборатории рентгеновской астрономии Солнца ФИАН Сергея Богачева. Учёный связывает природное явление с возросшей активностью Солнца.	science	https://news.yandex.ru//story/Silnaya_magnitnaya_burya_nachalas_na_Zemle--8c14c79bb96f5c4a471f0f050ef8bd6c?lr=47&lang=ru&stid=IcAr4p1ee3FeNjZy2OPJ&persistent_id=62971530&rubric=science&from=rubric
